Word,Frequency
,73
000,1
1,7
10,2
100,3
104,1
11,2
1154012000,1
1200,1
12h00,3
1316,1
14,1
144º,1
149º,1
15,3
150º,1
16,2
16h00,2
17h30,2
18,3
180,1
18h30,2
192,1
1982,1
1985,2
1987,1
1988,1
1996,2
1997,1
19970067cod,1
1998,1
2,2
20,3
2000,6
20000022cod,1
20002036ini,1
20002115cos,1
208,2
20º,6
24,4
26,3
28,1
3,3
309,1
31,3
35,1
350,1
400,1
45,1
5,6
6,2
690,1
7,1
70,1
80,2
849,1
87º,1
8h00,2
9,1
90,3
908531999,1
9h00,1
a,994
a503512000,1
a503692000,1
a503752000,1
a503822000,1
abandonar,1
abandono,1
abatido,1
aberta,1
abertos,2
abertura,2
abolirse,1
abordadas,1
abordados,1
abordagem,8
abordar,1
abrange,1
abranja,1
abrigo,1
abril,1
abrir,2
absolutamente,6
absolutely,1
absurdo,1
acaba,4
acabamos,1
acabar,1
acabo,1
académicos,1
acaso,2
accionistas,1
aceitando,1
aceite,1
aceitou,1
acelerado,1
acelerar,5
aceleração,1
acentua,1
acerca,4
acertada,1
acesso,3
acessíveis,2
achados,1
achei,1
acho,2
acima,1
acolhe,1
acolhemos,1
acolher,1
acolho,1
acompanhada,1
acompanhado,1
acompanhar,2
acontece,8
acontecem,1
acontecendo,1
acontecer,1
acontecerem,1
acontecesse,1
acontecido,1
acontecimento,1
acontecimentos,2
acordo,23
acordos,7
acorrem,1
acredito,4
acrescentar,3
acrescentarei,1
acrónimo,1
acrópole,1
actal,2
activas,2
actividade,1
actividades,1
activo,1
activos,1
acto,3
actores,3
actuais,2
actual,7
actualidade,1
actualmente,2
actuam,2
acumuladas,1
acusado,2
acção,8
acções,6
acórdão,1
adaptada,1
adaptado,2
adaptar,2
adapte,1
adenda,1
adequada,4
adequadas,1
adequado,1
adequados,3
adesão,2
adiada,2
adiamento,3
aditamento,1
aditar,1
administrativa,4
administrativas,2
administrative,1
administrativo,2
administrativos,8
administração,3
admirar,1
admissíveis,1
admitir,1
adolescentes,1
adoptada,3
adoptar,2
adopção,3
adquirida,1
adquirir,2
adversidade,2
adviescollege,1
advir,1
afasta,1
afastado,1
afastamento,1
afecta,2
afectado,1
afectarão,1
afectação,1
afecte,2
aferições,1
afigurase,1
afinal,2
afirma,1
afirmamos,1
afirmar,4
afirmativo,1
afirmações,1
afirmei,2
afirmou,1
afirmálo,1
agenda,1
agentes,1
agora,16
agrada,1
agradecer,6
agradecimentos,2
agradeço,1
agravar,1
agrediram,1
agressão,1
agricultor,1
agricultura,1
agroalimentar,1
agrícola,3
agrícolas,1
aguardamos,1
aguardo,3
ainda,33
air,2
airlines,1
ajuda,4
ajudar,2
ajudarão,1
ajudas,1
ajustada,2
alargado,1
alargam,1
alargamento,2
alargar,3
alarmante,1
alarmantes,1
alavanca,1
alba,1
alcance,1
alcançado,2
alcançados,1
aldeias,2
alegria,1
alemanha,3
alemã,1
alemães,1
algo,1
algum,4
alguma,1
algumas,12
alguns,15
alguém,2
ali,1
aliada,1
alimentar,2
aliás,13
alpes,1
alpino,1
alta,2
alteradas,1
alterando,1
alterar,1
alteração,6
alterações,32
alternativa,1
alternativas,1
alternativo,1
alto,3
altura,1
aluno,2
alunos,11
alvo,2
alyssandrakis,2
além,15
alínea,2
alíneas,1
amabilidade,1
amanhã,4
ambientais,1
ambiental,1
ambiente,5
ambiguidade,1
amboise,1
ambos,1
ameaça,1
americano,1
amesterdão,2
américa,1
analisado,1
analisamos,1
analisar,3
analisarmos,1
analisasse,1
and,1
andrey,1
angular,1
ankara,1
ano,10
anomalia,1
anos,10
ansiedade,2
antecipadamente,1
anterior,1
anteriormente,3
antes,8
antigamente,2
antigo,1
antigos,1
anton,1
análise,2
análises,1
anónima,1
ao,117
aos,44
aparecimento,1
aparentemente,1
apelo,4
apenas,13
aperfeiçoamento,2
aperfeiçoamentos,2
apesar,6
aplaudi,1
aplaudo,1
aplica,2
aplicado,1
aplicados,1
aplicar,1
aplicação,7
aplicável,5
apoiada,1
apoiado,2
apoiamos,2
apoiar,4
apoiarmos,1
apoiem,1
apoio,17
apoiou,1
apoiámolo,1
aponta,1
apontado,1
apreciação,1
apreciei,1
apreensão,1
aprendam,2
aprender,5
aprenderem,1
apresenta,3
apresentado,3
apresentamos,2
apresentando,1
apresentar,7
apresentaram,1
apresentarvos,1
apresentasse,1
apresentação,1
apresentei,5
apresentou,4
apreço,1
aprofundada,1
aprofundar,1
aprova,1
aprovada,1
aprovadas,2
aprovado,2
aprovação,2
aprovações,1
aprove,1
aproveitados,1
aproveitar,2
aprovou,1
aprovámos,1
aproxima,1
aproximar,1
após,4
aquela,2
aquele,1
aqueles,5
aqui,23
aquilo,5
aquisição,3
arco,1
ardentemente,1
are,1
argelino,3
argumentar,1
argumentos,1
argélia,7
armas,1
arqueologia,1
arqueológico,1
arqueológicos,2
arquitectura,1
arquitecturas,1
arquitectónico,2
arquitectónicos,1
arquivos,1
arranjo,1
arrombado,1
arrumado,1
artesãos,1
articulados,1
artificial,1
artigo,11
artigos,8
as,183
aspecto,7
aspectos,8
aspiramos,1
assassinos,2
assegurar,8
assegurarlhe,1
assegurarlhes,1
assembleia,8
assim,26
assinala,1
assinalar,2
associados,1
associandome,1
associações,5
assumam,1
assumem,2
assumida,1
assumir,2
assumirmos,1
assunto,17
assuntos,16
assusta,1
assustou,1
ataque,1
atentado,1
atentamente,1
atenção,21
atenções,1
atinge,1
atingida,1
atingiram,1
atingiu,1
atitude,2
atmosférica,1
atormenta,1
atrair,1
através,9
atribuem,1
atribui,1
atribuição,1
atribuída,1
atribuídos,1
atxalandabaso,1
até,18
aula,2
aumentar,2
aumento,4
austríaco,1
ausências,1
autoavaliação,5
autoestima,2
autoestrada,1
automaticamente,2
automáticas,3
automóvel,1
autonomia,1
autores,1
autoridades,7
auto­limitação,1
autêntico,1
avaliado,1
avaliador,1
avaliamos,1
avaliar,3
avaliação,47
avaliações,1
avança,1
avançada,1
avançado,1
avançados,1
avançar,5
avançarmos,1
avanços,1
aventura,1
averiguar,2
aviação,1
aviões,1
azo,1
aí,1
b,1
bacia,1
bairros,1
baixos,5
balanço,1
banal,2
banco,2
bancos,2
bancário,4
barata,1
barbaramente,1
barcelona,1
barco,1
barcos,1
barón,4
base,10
basearse,1
baseiase,1
bases,3
basilares,1
basta,1
bastanos,1
bastante,6
because,1
been,1
belga,1
belos,1
bem,28
bemvindas,2
bem­vindos,1
ben,1
benchmarks,1
beneficiar,1
benefício,1
benefícios,1
bens,5
bibliotecas,1
biodiversidade,2
biologicamente,1
biótopos,1
boa,18
boas,6
boletín,1
bolkestein,3
bom,6
bombas,1
bons,2
bordejam,1
branco,2
braços,2
brevemente,1
brevidade,1
brincadeira,1
britânica,2
britânicas,1
britânico,2
britânicos,2
bruxelas,3
burocracia,3
burocrática,1
bushillmatthews,2
by,2
byron,1
bárbaro,1
básico,15
básicos,1
c502091999,1
c505652000,1
c5­02092000,1
cabe,4
cabo,1
cada,25
calado,1
calorosamente,3
caminho,5
campanha,1
campeonato,2
campeonatos,1
campo,2
cancelado,2
candidatar,1
candidato,2
candidatura,1
candidaturas,1
capacidade,6
capacidades,4
capaz,2
capazes,4
capital,1
captura,1
capturado,2
caracteres,1
característica,1
características,2
carga,1
caro,1
caros,12
carta,2
cartas,1
carácter,2
casa,2
casablanca,1
casas,1
cashman,2
caso,28
casos,10
catalisador,1
catastróficas,1
catedrais,1
categorias,2
causa,7
causaram,1
causas,1
cedo,3
cega,1
celas,1
celebérrimo,1
celeridade,2
cena,1
centenas,1
centenárias,1
cento,1
centrais,1
central,3
centralizada,2
centro,2
centros,1
cerca,2
certa,7
certamente,4
certas,3
certo,4
certos,2
chamada,1
chamado,1
chamados,1
chamame,1
chamar,8
chamarmos,1
chamo,2
chamou,2
chapter,8
chave,2
chegado,1
chegam,1
chegamos,1
chegar,6
chegaram,1
chegaremos,1
chegoume,1
chegue,1
cheguei,1
chegámos,2
cheios,1
china,1
chipre,7
christine,1
cidades,1
cidadão,4
cidadãos,17
científicas,1
científico,1
cima,1
cimeira,2
cimeiro,1
cimentada,1
cinco,4
cipriota,4
circulação,2
circunstanciado,1
circunstâncias,2
citada,1
citar,1
civiles,1
civilização,1
civis,2
clara,7
claramente,1
claras,5
claridade,1
clarificar,1
claro,11
claros,2
classe,2
classificada,1
classificase,2
classificação,3
clientes,1
clima,3
clivagem,1
codecisão,2
coerente,4
coerência,4
coesão,2
coisa,6
coisas,5
colaboradores,3
colaboração,9
colaborámos,1
colação,2
colega,11
colegas,17
coligação,1
coloca,1
colocada,1
colocado,1
colocam,1
colocandoa,1
colocar,2
colocaram,1
colocaria,1
colocarmos,1
colocou,1
colom,1
colégio,1
com,198
com2000,1
combater,1
comediante,1
comentário,1
comentários,1
comerciais,1
começar,3
comigo,1
comissária,13
comissário,10
comissários,1
comissão,100
comissões,2
comitologia,1
comité,4
common,1
como,145
compaixão,1
companhia,2
companhias,5
comparar,3
comparativos,1
comparação,4
comparações,4
compensação,5
compete,2
competente,2
competentes,4
competitiva,1
competitividade,5
competitivo,1
competição,1
competência,7
competências,3
complementado,1
completamente,1
complexa,1
complexo,1
complexos,1
complicada,1
complicadas,1
compondo,1
componente,2
comportamento,1
comportarem,1
compreender,3
compreendido,2
compreensíveis,1
comprometemonos,1
compromisso,5
compromissos,2
comum,25
comunicado,1
comunicar,2
comunicarnos,1
comunicação,9
comunico,2
comunidade,6
comunidades,3
comunitária,3
comunitárias,1
comunitário,2
comuns,4
comércio,1
concedida,1
conceito,2
concentrada,1
concentraremse,1
concentrarse,1
concentrarão,1
concentraríamos,1
concepção,2
concertação,2
concessão,1
concidadãos,2
conciliar,1
conciliação,1
conciliável,1
concluir,2
conclusão,1
conclusões,3
concluído,1
concluírem,1
concordamos,2
concordará,1
concordo,3
concordância,6
concorrência,2
concretamente,1
concretas,4
concretize,1
concreto,2
concurso,1
condenados,1
condição,1
condições,4
condolências,3
conduz,3
conduza,1
conduzidas,1
conduzidos,2
conduzir,1
conduzirá,1
conexas,1
conexos,1
confederal,1
conferem,2
conferência,11
confesso,1
confiam,1
confiança,2
confio,2
confirma,1
confirmando,1
confirmarme,1
conflict,1
conflitos,2
conforme,2
conformidade,2
confundir,1
confusão,1
congratulamonos,5
congratulamos,1
congratular,1
congratularme,1
congratularnos,1
congratule,1
congratulome,6
congresso,2
conhece,1
conhecem,2
conhecemos,2
conhecer,2
conhecimento,7
conhecimentos,14
conheço,1
conjunta,6
conjuntas,1
conjunto,14
conscientemente,1
conscientes,1
consciência,2
conseguem,1
consegui,1
conseguido,3
conseguindo,1
conseguinte,5
conseguir,8
conseguirem,2
conseguiu,1
conselho,40
consenso,4
consequentemente,2
consequência,5
consequências,6
conserva,1
conservação,4
conserválo,1
considera,2
consideradas,1
considerados,1
consideram,1
consideramos,2
considerar,4
considerarem,1
consideração,6
considerações,1
considere,1
considero,11
considerou,1
consideráveis,1
consiste,2
consistir,1
consistência,1
consoante,1
consolidação,1
consolidouse,1
consta,2
constantemente,2
constatar,1
constato,1
constitua,1
constituem,5
constitui,10
constituir,4
constituição,1
constituído,2
construtiva,1
construtivas,1
construtivo,1
construtivos,1
construção,3
construírem,1
consulta,1
consultada,1
consultado,1
consultivo,3
consultor,1
consumidores,5
conta,10
contactaremos,1
contactos,2
contas,1
contempladas,1
contemple,1
contemporânea,1
contentes,1
contestar,1
conteúdo,2
continua,4
continuam,2
continuar,2
continuaria,1
continuação,1
continue,2
continuemos,2
contra,8
contraditória,1
contraditório,1
contradições,1
contraste,1
contrastes,1
contratar,1
contrato,4
contratos,10
contratual,4
contribuam,1
contribuem,1
contribui,1
contribuir,4
contribuiria,1
contribuiu,1
contribuição,3
contributo,2
contribuímos,1
contribuíram,1
controlam,1
controlo,8
controverso,1
controversos,1
controvérsia,1
contrário,4
contudo,3
contínua,1
convencer,1
convencido,2
conveniente,1
convenção,8
convergências,1
conversações,2
converter,1
convictamente,1
convicto,1
convida,1
convocado,1
convosco,1
cooperar,2
cooperarem,1
cooperação,19
coordenada,1
coordenadas,1
coordenar,1
coordenação,5
cor,1
corajosa,1
coração,1
coregulação,1
correcta,2
corresponde,1
correspondem,1
correspondendo,1
corresponsáveis,1
cortesia,1
cossuta,1
cossutta,1
costa,1
costumamos,1
costumes,1
credores,6
creio,2
cremos,1
crenças,1
crescente,1
crescimento,1
crespo,6
criado,1
criança,1
crianças,4
criar,8
criativas,1
criatividade,1
criação,5
crime,2
cristianismo,1
criticar,1
critério,1
critérios,9
crucial,2
crédito,11
crítica,1
críticas,1
críticos,1
cuidado,2
cuja,4
cujas,1
cujo,3
culpa,2
culpado,1
culpas,1
cultivadas,1
cultura,17
culturais,6
cultural,44
culturas,2
cumpre,6
cumprimento,3
cumprir,3
cumprirem,1
curiosa,1
curriculum,1
curso,3
curta,2
curto,1
curtos,2
custa,1
custará,1
custo,2
custos,7
custou,1
câmara,1
cãodeguarda,1
cíclades,1
círculos,1
cómico,1
cópia,2
cúmplices,2
d,2
da,437
dada,4
dado,6
dados,5
damos,1
dando,2
dandolhes,1
danone,4
daqui,1
daquilo,4
dar,15
darlhe,1
darlhes,1
darnos,1
darse,1
das,104
data,1
datada,1
davies,1
daí,2
de,1038
deal,1
debate,28
debater,2
debates,2
debatese,1
debatida,1
debatidos,1
debruçarmos,1
decepcionados,1
decide,2
decidir,1
decidirse,1
decidiu,3
decisiva,2
decisivo,4
decisão,6
decisões,1
declarado,1
declarar,2
declaração,16
declarações,2
declaro,1
decorra,1
decorre,1
decorrer,1
decurso,2
dedicado,1
dedicase,1
dedo,1
deduzir,1
defeituosa,1
defendem,1
defendêlo,1
defesa,2
definida,2
definidos,1
definir,4
definirmos,1
definitiva,1
definição,2
definições,1
defy,1
degradação,1
deixa,3
deixado,1
deixados,1
deixam,1
deixando,2
deixar,2
deixou,1
del,1
dela,1
delas,2
dele,2
delegações,1
deles,4
delicada,2
delineia,1
dell,1
dellalba,1
demasiada,2
demasiado,3
democratas,2
democratas­cristãos,2
democrática,3
democráticas,1
demográfica,1
demonstra,1
demonstrar,1
demonstraram,1
demonstrava,1
demonstre,1
demonstrámos,1
demência,1
denktash,1
dentro,7
denunciar,2
depende,1
dependem,2
depois,8
depressa,2
deputada,32
deputado,31
deputados,19
depósitos,1
desafio,1
desafios,2
desaparece,2
desaparecidos,1
desaparecimento,1
desbloqueadas,1
descartáveis,1
descentralizada,1
descobrir,2
descomprometida,1
desconhecidas,1
desconheço,1
descontentamento,1
descreveu,2
desculpa,1
desde,10
desdobram,1
deseja,2
desejada,1
desejado,2
desejam,2
desejamos,4
desejar,2
desejaria,1
desejo,7
desejável,3
desempenha,2
desempenhar,5
desempenho,1
desemprego,2
desenvolvendo,1
desenvolver,2
desenvolveram,1
desenvolveu,2
desenvolvida,1
desenvolvido,2
desenvolvidos,2
desenvolvimento,14
desenvolvimentos,1
desequilíbrios,1
desfigura,1
desgosto,1
desigual,1
desigualdade,1
desigualdades,1
desistência,1
deslocar,1
deslocações,1
desnecessárias,1
desnecessários,1
desnorteante,1
desolada,1
desordenada,1
despachados,1
despachar,1
despedidos,1
despendemos,1
despesas,2
desportiva,1
desportivas,1
desportos,5
dessa,7
dessas,1
desse,7
desses,4
desta,20
destaque,1
destas,6
deste,29
destes,3
destinado,1
destinados,1
destinase,1
destruição,1
destruições,2
destruída,1
destruídas,1
desvalorizada,1
desvalorizado,1
detalhes,1
detenção,1
determinados,1
determinantes,1
determinar,1
determinação,1
detido,3
detidos,1
detrimento,1
detrás,1
deu,7
deutschmark,1
deva,2
devastada,1
deve,19
devem,5
devemos,12
devendo,1
dever,2
deveras,1
deverem,1
deveria,6
deveriam,4
deverseá,3
deverseão,1
deverá,12
deverão,4
deveríamos,1
devese,1
devia,2
devidamente,2
devido,10
devo,1
devolver,1
devíamos,1
dez,1
dezembro,6
dezenas,1
dia,20
diabetes,1
diagnóstico,1
diante,1
dias,5
diferenciada,1
diferenciá­la,1
diferente,5
diferentes,21
diferença,1
diferenças,5
dificilmente,1
dificuldades,3
difícil,3
diga,1
digamos,1
dignidade,1
digo,1
digoo,1
dilapidados,1
diligências,1
dimensão,2
diminui,1
dinamarca,2
dinamarqueses,1
dinamarquês,1
dinâmica,3
dinâmico,1
directa,3
directas,1
directiva,18
directivas,7
directo,2
director,1
directos,1
direcção,1
direito,5
direitos,10
dirige,1
dirigidas,1
dirigir,1
dirijo,2
discoteca,1
discussão,10
discutidos,1
discutimos,1
discutir,2
dispensa,1
dispondo,1
disponha,1
disponível,1
dispor,2
disporem,1
dispositivo,2
disposição,2
disposições,7
disputa,1
dispõe,2
dispõem,1
dispúnhamos,1
disse,1
disseram,1
dissesse,1
disso,12
distingui­la,1
distinção,2
distorcer,1
distorceria,1
distribui­se,1
distribuição,2
distribuíram,1
distância,2
distâncias,1
dito,3
ditos,1
divergentes,2
diversa,1
diversas,7
diversidade,8
diversos,3
divertido,1
diz,10
dizem,3
dizer,9
dizia,1
dizêlo,1
diálogo,2
do,339
docente,1
docentes,1
documento,8
documentos,1
dodone,1
doente,2
doenças,3
dois,14
domiciliados,1
domínio,14
domínios,9
doorn,6
dos,188
dotes,1
dou,2
droga,2
duas,8
durante,5
duro,1
dá,2
década,1
défice,1
dê,1
dêem,2
dívida,1
dúvida,5
e,601
echternach,1
ecológicas,1
economia,3
económica,1
económico,1
económicos,5
edifícios,3
educadores,1
educados,1
educativa,1
educativas,1
educativo,6
educativos,6
educaÇÃo,1
educação,37
efectiva,1
efectivamente,6
efectivas,1
efectuada,3
efectuadas,3
efectuados,1
efectuar,1
efectuarmos,1
efectuou,1
efeito,11
efeitos,1
eficaz,4
eficazes,3
eficazmente,2
eficácia,4
egnatia,1
eis,7
el,3
ela,9
elaborada,1
elaborados,1
elaborar,3
elaboração,5
elaborei,1
elas,4
eldr,1
ele,7
electricidade,1
elegante,1
eleitos,1
eleição,1
eleições,1
elemento,4
elementos,9
eles,6
elevada,1
elevado,1
elevados,2
elevadíssimas,1
eliminada,1
eliminados,1
eliminar,3
elitista,1
em,321
emana,1
emanadas,1
emanava,1
embalagem,1
embora,14
emitir,1
emoção,1
empenho,1
empobrecido,2
empreender,1
empregabilidade,1
emprego,7
empregos,1
empresa,2
empresas,13
empresário,2
empresários,2
encaixados,1
encarar,1
encargos,8
encarregue,3
encerra,1
encerrado,3
encerrar,2
encontra,9
encontram,5
encontramos,1
encontramse,1
encontrandose,1
encontrar,2
encontrase,2
encontravame,1
encontravamse,1
encontre,2
encontrem,1
encontrouse,1
encoraja,1
encorajadas,1
encorajamento,1
encurtamento,1
endereçaram,1
endereço,1
energia,1
energicamente,3
enganado,1
engrenarmos,1
enorme,3
enquanto,8
ensejos,1
ensinar,2
ensino,78
entanto,13
entender,2
entendo,1
entes,1
entidades,1
entra,1
entrada,1
entrar,2
entravam,1
entre,44
entretanto,2
entrou,2
envergadura,1
enviado,1
enviando,1
envidados,1
envide,1
envieilhe,1
envio,2
envolvente,1
envolvia,1
envolvida,1
envolvidas,1
envolvido,1
envolvidos,2
envolvimento,4
equilibrada,4
equilibrado,1
equilíbrio,4
equipa,5
equipada,1
equipas,4
equitativo,2
era,11
errada,1
erro,2
errónea,1
escada,1
escadas,1
escala,1
escaldante,1
escalão,1
escandinavas,1
escapa,1
escavações,1
esclarecer,1
esclarecimento,2
esclarecimentos,1
escola,13
escolar,11
escolares,2
escolaridade,1
escolas,18
escolha,2
escolher,3
escolhidas,1
escondidas,2
escrever,1
escrito,1
escrupulosamente,1
esforceime,1
esforçarse,1
esforço,5
esforços,7
esmagadas,1
esmagadora,1
espanha,4
espanhol,3
espanhóis,1
espantado,1
espantar,1
espaço,3
especiais,2
especial,12
especialistas,1
especializados,1
especialmente,5
especificamente,1
espectadores,1
específica,1
específicas,2
específico,1
específicos,3
espera,2
esperamos,3
esperança,2
esperar,2
esperase,2
espero,7
espontaneamente,1
espécie,1
espírito,4
esquecemse,2
esquecer,2
esquerda,1
essa,21
essas,3
esse,23
essenciais,1
essencial,6
essencialmente,3
esses,7
essência,3
esta,60
estabelece,2
estabelecem,1
estabelecemos,1
estabelecer,4
estabelecerseá,1
estabeleceu,1
estabelecida,1
estabelecidas,1
estabelecido,1
estabelecimento,2
estabelecimentos,4
estabilidade,1
estado,6
estadomembro,9
estados,7
estadosmembros,41
estados­membros,3
estaleiros,1
estamos,11
estar,6
estarem,2
estarmos,3
estas,13
estatais,1
estatal,1
estatuto,2
estatísticas,1
estava,1
estações,1
este,65
esteja,4
estejam,1
estender,1
esterlina,1
estes,7
estimulante,1
estimular,2
estive,1
estiver,1
estiverem,1
estivesse,1
estou,16
estoulhe,1
estou­lhe,1
estrangeiro,1
estrangeiros,1
estrasburgo,10
estratégia,3
estratégico,1
estreita,1
estreitamente,1
estreito,1
estreitos,1
estrutura,1
estruturada,1
estruturais,2
estudantes,3
estudar,1
estude,1
estudo,5
estudos,4
está,45
estádios,1
estávamos,1
estão,13
estética,2
estético,1
estímulo,2
eta,1
etc,1
etnográficos,1
etário,1
eu,15
euro,2
eurodeputada,1
europa,40
europeia,73
europeiaesquerda,1
europeias,6
europeu,38
europeus,24
europol,1
euros,1
eurostat,1
eventuais,1
eventual,1
evidenciarse,1
evidenciou,1
evidente,9
evidentemente,7
evitar,6
evitarmos,1
evocar,2
evocasse,1
evolução,6
evoluções,1
exactamente,4
examinamos,1
excelente,5
excelentes,1
excelência,3
excepto,1
excepção,3
excepções,4
excessivas,1
excessivo,1
excesso,1
exclui,1
excluir,1
exclusiva,1
exclusivamente,2
exclusivo,1
exclusão,2
excluídos,1
executada,2
executam,1
execução,6
exemplares,1
exemplo,23
exemplos,1
exercida,2
exercício,3
exige,2
exigem,1
exigente,1
exigências,2
exijamos,1
existam,1
existe,9
existem,7
existente,2
existentes,3
existir,2
existência,2
exorto,1
expansão,1
expeditas,1
experientes,1
experimenta,1
experiência,2
experiências,3
explicase,1
explosão,1
expor,1
expresso,1
expressão,1
exprima,1
exterior,2
externa,2
externo,2
extraordinariamente,1
extraordinária,1
extraordinárias,1
extraordinário,2
extremamente,9
extremo,1
exército,2
face,1
facilidades,1
facilitar,1
facilitasse,1
facilmente,5
facto,47
factor,1
factores,1
factos,1
facultativo,1
facções,1
falado,1
falando,1
falar,2
falaremos,1
fale,1
falecimento,1
falha,1
falida,1
falou,1
falta,2
falência,2
família,1
famílias,7
fantasticamente,1
fanática,1
fará,1
fase,6
fases,2
fasttrack,2
favor,4
favoravelmente,3
favorece,2
favoráveis,1
favorável,2
faz,9
fazem,4
fazemos,1
fazemse,1
fazendo,1
fazer,23
fazerem,2
fazermos,2
faziam,1
fazse,1
fazêlo,5
faça,1
faço,1
federação,1
feita,4
feitas,2
feito,1
feitos,1
felicidade,1
felicitamos,1
felicitar,5
felicitações,1
felicito,3
felicitála,1
felizes,1
feminino,1
fenómenos,1
ferida,1
feridos,1
ferramentas,3
festa,2
fevereiro,3
fez,7
fica,2
ficam,1
ficar,1
ficaram,1
ficaria,1
ficarmonos,1
ficarmos,1
figura,3
figurava,2
figuravam,1
filhos,2
filiada,1
filosofia,1
filosofias,1
fim,15
final,3
finalidade,1
finalizar,1
finalmente,7
financeira,2
financeiras,3
financeiro,2
financeiros,8
financia,1
financiados,1
financiamento,4
finanças,1
finlândia,3
fique,1
fiquei,2
firmada,1
firmeza,1
fiscal,3
fiscalidade,1
fischler,1
fixada,1
fiz,3
fizeram,3
fizesse,1
fizéssemos,1
flamengo,1
flandres,2
flexível,2
floresta,1
florestais,2
florestas,2
fluência,1
focado,1
focar,1
focarmos,1
focusmoney,1
foi,44
fome,2
fomento,2
fonte,1
for,9
fora,2
foram,9
ford,1
forem,1
forma,31
formar,2
formas,3
formação,32
formuladas,1
formulasse,1
formulação,7
formulários,1
fornecer,2
forte,2
fortemente,2
fortes,2
força,2
forçosamente,1
fosse,5
fossem,3
fracasso,1
fracos,3
france,2
francesa,1
franceses,3
franco,2
francês,3
frança,2
fraquezas,1
frase,2
frente,1
frequentar,1
frequente,1
frequentem,1
frequentemente,1
frequência,4
frisar,2
frisou,1
frondosas,1
fronteiras,1
fronteiriços,1
fruto,1
frutuosa,1
funciona,1
funcionado,1
funcional,1
funcionamento,7
funcionando,1
funcionar,1
funcione,1
funcionários,2
fundadores,1
fundamental,4
fundamentalmente,2
fundamentar,1
fundamente,1
fundamento,1
fundo,2
fundos,3
função,2
funções,1
futebol,1
futura,2
futuramente,1
futuras,2
futuro,8
futuros,1
fábricas,1
fácil,2
férias,1
garantam,1
garante,2
garantem,2
garantese,1
garantia,3
garantindo,1
garantir,8
garantiunos,1
gastar,1
geminação,1
general,1
gente,1
geográfica,2
geográfico,1
gerais,1
geral,14
geralmente,1
gerações,2
gerou,1
gervilla,1
gestão,3
geórgia,2
gibraltar,1
global,1
globalização,4
golpe,1
gorsel,2
gostaria,35
gostaríamos,5
gosto,1
gota,2
gotemburgo,1
governamental,2
governação,2
governo,8
gozava,1
grande,26
grandes,4
grandiosa,1
grato,2
gravemente,1
graves,1
graças,5
greve,2
gritantes,1
grupo,42
grupos,6
grãbretanha,2
grécia,4
guarda,4
guardem,3
guardías,1
guerras,1
gusinsky,1
género,1
h,1
habitantes,1
habitats,1
habitual,1
habitualmente,1
habituam,1
haja,2
harmonia,1
harmoniosa,1
harmonizado,1
harmonizar,1
harmonização,6
have,1
haver,1
haverá,1
havido,1
haxixe,1
haydn,1
helsínquia,1
herança,4
heritage,1
hidrobiótopo,1
hierarquização,1
higrótopos,1
hipotecárias,1
hipotecários,1
história,2
históricas,1
histórico,2
históricos,1
hoje,17
holandesas,1
holte,7
homem,4
homenagem,1
honra,4
honrar,1
hora,1
horas,5
horror,1
horrores,1
horrível,1
hostilidade,1
houve,2
houver,2
how,1
humanas,2
humanidade,4
humano,1
há,29
i,3
id1,2
id10,1
id11,1
id12,1
id13,1
id14,1
id15,1
id16,1
id17,1
id18,1
id19,1
id2,2
id20,1
id21,1
id22,1
id23,1
id24,1
id25,1
id26,1
id27,1
id28,1
id29,1
id3,2
id30,1
id31,1
id32,1
id33,1
id34,1
id35,1
id36,1
id37,1
id38,1
id39,1
id4,2
id40,1
id41,1
id42,1
id43,1
id44,1
id45,1
id46,1
id47,1
id48,1
id49,1
id5,2
id50,1
id51,1
id52,1
id53,1
id54,1
id55,1
id56,1
id57,1
id58,1
id59,1
id6,2
id60,1
id61,1
id62,1
id63,1
id64,1
id65,1
id66,1
id67,1
id68,1
id69,1
id7,2
id70,1
id71,1
id72,1
id73,1
id74,1
id75,1
id76,1
id77,1
id78,1
id79,1
id8,2
id80,1
id81,1
id82,1
id9,1
idade,1
ideia,7
ideias,2
identidade,5
identificar,1
identificarem,2
ideológico,1
ignorantes,1
iguais,2
igual,1
igualdade,3
igualmente,9
ilegal,1
ilhas,2
ilustração,1
imagens,1
imaginar,1
imediata,4
imediatamente,1
imediato,2
imensidão,1
imenso,1
imiscuir,1
imobiliários,1
impacto,3
impedilas,1
impedimento,1
impedir,1
impele,1
implementada,1
implementadas,1
implementam,1
implementarmos,1
implementação,3
implementem,1
implicar,1
implicações,1
impor,1
importante,38
importantes,9
importantíssimo,1
importância,18
impostas,1
impostos,1
imprensa,5
impressão,1
impulso,1
impusme,1
impôs,1
impõe,1
impõese,1
inabalável,1
inaceitáveis,1
inadmissível,1
incalculáveis,1
incapacidade,2
incentivados,1
incentivar,3
incentivos,1
incessantemente,1
incide,2
incidente,2
incluindo,2
inclusivamente,2
inclusive,11
inclusão,3
incluído,2
incluíndo,1
incompatibilidades,1
incompletos,1
inconcebível,1
incremento,1
incumprimento,1
incêndio,2
indefinição,1
independente,6
independentemente,1
independentes,2
indicadores,3
indicar,1
indirectamente,2
indispensável,1
individuais,1
indivíduo,2
indivíduos,2
industrial,3
indústria,3
indústrias,1
inequivocamente,1
inesgotável,1
inevitável,1
infeliz,1
infelizmente,8
infindável,1
influência,1
informados,2
informal,1
informar,3
informaramme,1
informaria,1
informativo,1
informação,15
informações,1
informe,2
informoo,1
informálos,1
infraestrutura,1
infringir,1
inglaterra,1
inglesa,1
inicia,1
iniciadas,1
iniciado,1
iniciais,1
inicial,5
inicialmente,3
iniciativa,12
iniciativas,5
inovador,1
inovações,1
inquérito,1
inscrever,1
inscrevêlo,1
inscrita,3
inscritos,2
inscrição,5
insegurança,1
inseridas,2
inserir,1
inserção,2
insignificantes,1
insiste,1
insistente,1
insistentemente,2
insistir,4
insistência,1
insolvência,6
insolvências,6
instar,1
instem,1
instituição,6
instituições,16
institute,1
insto,1
instrumento,2
instrumentos,5
instrução,1
instância,2
insuficiência,1
insustentáveis,1
integradas,1
integral,3
integram,1
integrante,1
integrar,1
integrarem,1
integração,4
inteira,1
inteiramente,3
intensa,1
intenção,2
intenções,1
interactivamente,1
interacção,1
intercalar,1
intercâmbio,2
intercâmbios,1
interessadas,1
interessados,1
interessante,2
interessantes,1
interesse,10
interesses,5
interessássemos,1
interests,1
interference,2
interferência,1
interior,1
interiores,1
internacionais,2
internacional,1
internal,1
international,1
internet,6
interno,14
internos,1
interpela,1
interpretações,1
interrelacionamento,1
interrogados,1
interrogatório,1
interrogou­se,1
interromper,1
interrompida,1
intervenientes,1
intervenção,7
intervenções,7
intervir,4
interviriam,2
intitulado,3
into,1
intolerável,1
introduzem,1
introduzidas,2
introduzido,1
introduzidos,1
introduzir,5
introdução,4
intrínseca,1
inventários,1
investigação,2
investimento,2
início,8
inúmeros,1
ir,4
iremos,2
iria,1
irreflectida,1
irá,10
irão,1
isentar,1
islâmicos,1
isoladas,1
isolado,2
isolamento,1
isso,40
isto,21
jamais,2
james,1
janeiro,4
joga,1
jogam,1
jogo,1
jornadas,1
jornais,1
jovem,1
jovens,11
juan,1
jugoslávia,1
julgo,4
julgue,1
julho,2
junho,1
juntamente,1
juntar,1
junto,2
juntos,1
jurisdição,1
jurídica,1
jurídico,4
jurídicos,2
jus,1
justa,1
justamente,1
justificadíssimo,1
justificação,1
justiça,2
juventude,6
já,52
karas,1
karstadt,1
kauppi,1
kosovo,1
l,1
la,1
laboral,1
lado,13
lagos,1
lambert,1
lamento,2
lamentoo,1
lamentámos,1
lamfalussy,2
languageda,1
languagede,7
languageel,6
languageen,14
languagees,5
languagefi,3
languagefr,9
languageit,2
languagenl,5
languagesv,1
lançado,4
lançar,2
lançarmos,1
lançarse,1
lanço,1
larga,1
largamente,1
largo,1
lasten,1
lato,1
laughing,1
lectivo,1
legal,1
legislation,1
legislativa,3
legislativas,5
legislativo,4
legislativos,4
legislação,70
legislações,1
legítimo,1
lei,1
leitura,5
leituras,1
lembravanos,1
lembro,1
lentidão,1
lento,1
ler,2
less,2
let,1
levada,1
levadas,1
levado,1
levantada,1
levantado,1
levantei,1
levantem,1
levar,3
levaram,2
levará,2
levou,1
lhe,9
lhes,10
liberais,1
liberal,1
liberdade,3
liberdades,1
libertado,1
libertação,1
libra,2
libras,2
liceu,1
lidar,3
lideradas,1
lido,1
ligadas,2
ligados,3
ligação,3
ligeira,1
liikanen,1
limita,1
limitada,1
limitado,1
limitados,3
limitamos,1
limitar,1
limitarse,1
limitação,1
limite,1
limitem,1
limites,4
linguagens,1
linha,2
linhas,2
liquidadas,1
liquidação,13
lisboa,5
lista,17
listas,3
literacia,1
literatura,1
livre,4
livro,2
locais,9
local,5
localidades,1
locutores,1
logo,4
londres,1
longamente,1
longe,2
longo,6
longuíssimo,1
louvar,1
lugar,33
lugares,1
luoyang,1
luta,5
luto,2
luxo,1
lá,1
lícito,2
líder,1
língua,1
línguas,3
lógica,3
lógico,3
m,1
maciço,1
made,1
maior,19
maiores,1
maioria,7
mais,119
maisvalia,1
mal,1
malashenko,1
malentendidos,1
maneira,8
maneiras,1
manhã,1
manifesta,2
manifestado,3
manifestamente,1
manifestar,3
manifeste,1
manifestei,1
manifestou,1
manobra,1
mantenha,1
manter,3
manteve,1
mantido,1
mantêm,1
manutenção,1
maratona,1
maravilharse,1
marcam,1
marcou,1
margem,3
marginalizados,2
marginalização,1
market,1
marrocos,2
mas,73
masculino,1
massa,2
massacres,1
materiais,1
materna,1
matéria,16
matérias,1
me,17
mecanismo,1
mecanismos,1
mecenato,1
mediamost,1
mediante,1
media­most,2
medida,7
medidas,9
medir,1
mediterrânicas,1
meio,4
meios,9
melhor,16
melhora,1
melhorada,3
melhorado,1
melhoramentos,1
melhorar,7
melhorarmos,1
melhore,2
melhores,8
melhoria,11
melhorias,3
members,2
membro,2
membros,4
memória,2
menos,11
menosprezar,1
mensagem,1
mensagens,1
mercado,25
mercados,6
merece,3
merecem,1
mereceria,1
mereciam,1
mergulhar,1
mesa,1
meses,7
mesma,8
mesmas,2
mesmo,16
mesmos,2
metade,1
metodológicas,1
metodológicos,1
meu,20
meus,5
miguel,1
mil,2
milhares,1
milhões,5
militares,2
milénio,2
mim,7
minando,1
minha,17
minhas,2
ministerial,1
ministro,1
ministros,6
ministérios,1
minoritárias,1
minuto,6
minutos,4
miseráveis,1
missolonghi,1
missão,2
mistas,1
mistos,1
mobiliários,1
moda,1
modelo,3
modelos,2
moderna,2
modernas,1
moderno,1
modestamente,1
modificação,2
modificou,1
modo,12
modéstia,1
moeda,3
moedas,3
molde,2
momento,23
momentos,1
monetários,3
monopólios,1
montanha,1
monumentais,1
monumento,1
monumentos,8
moral,1
moratória,1
moroso,1
morrendo,1
morreram,1
morte,1
mortes,1
mortos,2
mortíferos,1
moscovo,1
mostra,3
mostrado,1
mostram,1
mostrar,1
mostrarlhes,1
mostrarão,1
mostras,1
mostrounos,1
motivações,2
motivo,14
motivos,1
movimento,1
mudanças,4
mudar,1
muita,2
muitas,19
muito,77
muitos,19
multidões,1
multifacetada,1
multinacionais,1
mundial,19
mundo,16
municipal,1
museu,1
museus,1
musical,1
mutuamente,1
máquina,2
máquinas,1
máxima,2
máximo,4
mãe,1
mão,1
mãodeobra,2
mãos,4
média,2
médio,1
mérito,3
método,4
métodos,5
mês,2
mínima,1
mínimo,1
mínimos,2
móvel,1
mútuo,2
na,167
nacionais,9
nacional,7
nada,1
namealyssandrakis,2
nameandreasen,1
namebalfe,1
namebarón,2
nameberthu,1
namebethell,1
namebeysen,1
namebolkestein,2
namebushillmatthews,1
namecaullery,1
namecaveri,1
namecolom,1
namecossutta,1
namedavies,1
namede,2
namedellalba,1
namedoorn,1
namedupuis,1
nameford,1
namegillig,1
namegorostiaga,1
nameiivari,1
namekaras,2
namekauppi,1
namekorakas,1
namelambert,1
namemaes,1
namemarinos,1
namepapayannakis,1
namepaulsen,1
namepeijs,1
nameperry,1
namepirker,1
nameplooijvan,1
namepoettering,1
nameposselt,1
namepresidente,20
nameprets,1
namereding,2
namesandersten,2
nameseppänen,1
nameskinner,1
nametitley,1
nameuca,1
namevan,1
namevarela,2
namevilliers,2
namewatson,1
namewurtz,4
namewyn,1
namezorba,1
naquele,1
nas,28
natal,1
nato,2
naturais,6
natural,14
naturalmente,4
natureza,4
naval,2
nações,7
necessariamente,4
necessidade,19
necessidades,2
necessita,1
necessitamos,2
necessária,4
necessário,8
necessários,3
negativa,1
negativos,1
negociadora,1
negociações,3
negue,1
negócios,2
nela,3
nelas,1
nele,3
nem,18
nenhum,4
nenhuma,2
nessa,4
nessas,1
nesse,14
nesses,1
nesta,16
neste,34
nestes,2
neutra,1
neutro,1
nice,3
ninguém,1
nisso,1
nitidamente,2
nitidez,1
nivelamento,1
nl,5
no,172
noite,6
nome,13
nomeadamente,10
nomeado,1
normal,2
normalização,2
normalmente,2
normas,1
normativo,1
norte,4
nos,58
nossa,27
nossas,14
nosso,33
nossos,11
nostra,1
nota,2
notar,1
noto,1
notável,2
notícias,2
noutro,1
noutros,1
nova,9
novamente,1
novas,11
novembro,5
novo,10
novos,6
noção,5
noções,1
num,14
numa,18
nunca,1
nº,3
nº3,1
não,175
nítido,1
níveis,3
nível,33
nórdica,1
nós,21
número,13
números,2
o,591
objectiva,1
objectivo,16
objectivos,7
objecto,1
objecção,1
objecções,1
obrigada,4
obrigado,1
obrigatoriedade,1
obrigatória,2
obrigatórias,1
obrigação,3
obrigações,4
observa,1
observados,1
observando,1
observar,1
observação,3
observações,4
observouse,1
obstante,3
obstáculos,1
obter,3
obtermos,2
obteve,1
obtidos,1
obtiveram,1
obviamente,2
obviar,1
ocasião,7
oceano,2
ocorrer,1
ocorreram,1
ocorreu,1
ocorrido,1
ocorrências,1
ocupa,3
ocupam,1
ocupar,1
ocuparnos,1
ocupasse,1
ocupação,1
ocupe,1
ocupou,1
of,2
oferece,3
oferecem,2
oferecer,2
oferecermos,1
oficial,1
often,1
ogivas,1
olhos,1
olímpicas,1
omite,1
onde,10
ontem,1
onu,2
onze,1
operam,1
operação,1
operários,1
opinião,12
opiniões,2
oportuna,2
oportunidade,2
oportunidades,3
oportuno,1
oportunos,2
oposição,2
optimismo,1
ora,4
oradores,1
oral,1
ordem,16
ordenados,1
ordenamento,1
organismos,2
organizada,1
organizadores,1
organizados,1
organizando,1
organizar,2
organizará,1
organização,2
organizações,4
orgulhar,1
orgulharnos,1
orgulho,1
orgânica,1
orientado,1
oriental,1
orientações,1
origem,7
original,2
originará,1
orçamental,1
orçamento,1
os,239
ou,38
our,1
outono,1
outras,24
outro,15
outros,22
outubro,2
ouvi,1
ouvidos,1
ouvimos,1
ouvir,1
ouvirem,1
p,211
padrão,1
padrões,4
pagamento,1
pais,10
paisagem,2
palavra,9
palavras,6
paleolíticas,1
panikos,2
panorâmica,1
papayannakis,1
papel,6
par,2
para,243
parabéns,1
paralelismo,1
parcerias,2
parcialmente,2
parece,6
parecem,2
pareceme,5
parecenos,4
parecer,2
pareceres,1
parecia,1
pareçam,1
paris,1
parlamentar,2
parlamentares,3
parlamento,69
parte,25
partes,5
participantes,1
participar,2
participaram,1
participação,3
particular,6
particularmente,8
partida,1
partido,8
partilha,3
partilhar,2
partilhavam,1
partir,6
passa,2
passada,5
passado,10
passando,1
passar,2
passaram,1
passo,4
passível,1
patentes,1
patrimonial,1
património,72
patrocinadores,1
paz,2
país,13
países,26
pede,1
pedem,1
pedi,2
pedido,19
pedidos,4
pedimos,1
pedir,1
pediram,1
pedirmos,1
pediu,2
pedra,1
pedrinha,1
peijs,13
pela,43
pelas,12
pelo,44
pelos,11
pena,1
pensamos,1
pensar,2
pensem,1
pensemos,1
pensese,2
penso,15
pequena,2
pequeno,1
pequenos,1
perante,9
percentagem,1
percepcionarem,1
percepção,1
percorremos,1
perderam,1
perdese,1
perdido,2
perdoado,1
perdoados,1
perenidade,1
perfeita,2
perfeitamente,3
perfeitos,1
pergunta,3
perguntamonos,1
perguntar,2
perguntarnos,1
peritos,1
permanente,1
permanentemente,1
permanentes,1
permanência,1
permita,1
permitam,1
permitamme,2
permitindo,2
permitir,3
permitiram,1
permitiria,3
perpetrados,1
perriere,1
persiste,1
personalidade,4
perspectiva,6
perspectivas,1
pertence,4
pertencem,1
pertença,2
pertinente,1
pertinência,1
perto,2
perímetro,1
período,5
períodos,1
pesada,2
pesadelos,1
pesado,1
pesados,1
pesca,5
pescas,1
peso,1
pessoa,2
pessoal,7
pessoalmente,4
pessoas,14
peça,1
peço,6
peçolhes,1
pib,1
pilares,1
pilhagem,1
pilhagens,1
piloto,1
pintando,1
pioneiro,1
planeamento,2
planeta,1
plano,2
plebiscito,1
plena,1
plenamente,3
pleno,2
plenário,2
plooijvan,1
pobres,1
pobreza,1
pode,13
podem,7
podemos,18
poder,11
poderem,1
poderemos,1
poderia,13
poderiam,2
podermos,3
poder­se­ia,1
poderá,1
poderão,2
poderíamos,1
podia,1
podido,1
poettering,2
pois,15
policiais,1
poluição,3
polícia,3
polícias,1
política,17
políticas,4
político,4
políticos,7
pomos,1
ponderar,1
pondo,1
ponto,22
pontos,7
popular,4
population,1
população,1
por,161
pormenor,1
pormenores,2
pormenorizado,1
pormos,1
porquanto,1
porque,17
porta,3
portadores,1
portanto,15
porto,1
porém,13
positiva,2
positivas,1
positivo,6
positivos,1
posição,26
posições,1
possa,3
possam,13
possamos,1
possibilidade,3
possibilidades,8
posso,7
possui,2
possuir,2
possuímos,1
possuírem,1
possíveis,1
possível,27
posta,1
posterior,1
posteriormente,1
postes,1
posto,2
postos,3
potencial,2
potência,1
poucas,3
pouco,10
poucos,2
povo,2
ppe,1
ppede,1
prados,1
praga,1
praticamente,1
prazer,2
prazo,6
prazos,1
precedeu,2
preciosidades,1
precisamente,6
precisamos,9
precisar,1
preciso,6
preconizar,1
precária,1
precário,1
preenchimento,1
preferível,2
prejudica,1
prejudiciais,1
prejudicial,1
preliminares,1
prematuro,1
premeditado,1
premente,1
prende,1
prender,1
prendese,3
preocupa,1
preocupado,1
preocupação,6
preocupações,4
prepara,1
preparada,1
preparamos,2
preparar,3
preparativos,1
preparavam,1
preparação,3
preparou,1
prescindir,2
prescrições,1
presente,7
presença,3
preservar,3
preservarem,1
preservation,1
preservação,8
presidente,93
presidentes,10
presidir,1
presidência,5
presos,3
pressionar,1
pressuposto,1
pressão,3
pressões,2
prestarlhe,1
prestes,1
prestígio,2
pretende,4
pretendem,1
pretenderem,1
pretendíamos,1
prets,1
prevendo,1
previamente,3
prevista,1
previsto,4
previu,1
prevê,1
primeira,7
primeiras,2
primeiro,21
primeiros,1
principais,3
principal,1
principalmente,2
princípio,8
princípios,3
prioridade,3
prioridades,3
prioritária,1
prioritárias,1
prioritário,1
prisões,2
privadas,2
problema,12
problemas,2
problemática,1
problemático,1
proceda,1
proceder,7
procedermos,2
procedesse,1
procedimento,6
procedimentos,1
processa,2
processarse,1
processo,38
processos,9
procissão,1
procura,1
procurados,1
procuram,2
procurar,5
prodi,2
produtores,1
produtos,3
produz,1
produzir,1
produzirmos,1
produção,3
proferidas,1
professor,1
professores,2
profissionais,3
profissional,2
profissionalmente,1
profissões,1
profunda,1
profundamente,1
profundas,1
profundo,1
programa,5
programas,2
progresso,3
progressos,2
proibição,3
projecto,12
projectos,8
projectospiloto,1
projécteis,3
prol,1
prometedora,1
prometido,2
promover,3
promovidas,1
promovidos,1
promoção,1
promulgar,1
pronta,1
pronunciar,1
pronunciaram,1
pronunciarem,1
propondo,1
proponho,1
proporciona,1
proporcionar,1
proporcione,1
proposta,29
propostas,31
proposto,1
propostos,2
propriamente,1
proprietário,1
propósito,4
propôs,1
propõe,3
propõemme,1
propõemse,1
prorrogação,1
prosperidade,1
prosseguir,2
protecção,12
proteger,6
protegidos,1
protelado,1
protestado,1
protestavam,1
protestos,2
prova,1
provan,1
provas,1
provavelmente,3
proveito,2
provenha,1
provenientes,1
providenciarem,1
provisório,1
provoca,1
provocada,2
provocam,1
provoquemos,1
proximidade,2
proximidades,1
prática,7
práticas,7
préhistória,1
prémio,2
prémios,2
prévia,1
prévio,1
própria,12
próprias,4
próprio,5
próprios,4
próxima,2
próximas,1
próximo,1
próximos,2
pse,2
publicada,1
publicadas,2
publicado,1
publicava,1
publicidade,1
publicou,2
publiquem,1
pude,2
pudemos,1
puderam,1
pudesse,4
pudéssemos,2
pura,1
página,1
pártenon,2
pé,3
pôlo,1
pôr,6
pôs,1
pôsse,1
põe,1
põem,2
pública,3
públicas,3
público,5
públicos,1
qi,1
quadro,1
quais,9
quaisquer,4
qual,27
qualidade,60
qualificada,1
qualificou,1
qualitativa,6
qualitativamente,1
qualitativo,1
qualquer,12
quando,14
quantidade,2
quantificados,1
quantitativamente,1
quanto,12
quarta,2
quartafeira,5
quartafeiras,1
quase,3
quatro,10
que,775
quebrar,1
queimaram,1
queiram,1
queixa,1
queixas,1
quem,17
quer,7
querem,5
queremos,5
quererá,1
queria,11
queridos,1
quero,5
questionar,1
questores,1
questão,30
questões,12
quinta,1
quintafeira,8
quintasfeiras,1
quis,2
quisermos,1
quo,1
quotidiana,3
quê,1
racionalização,1
radioactiva,2
raphael,1
rapidamente,3
rapidez,3
rapto,1
razias,1
razoável,1
razão,18
razões,3
raízes,1
reaberta,1
reacção,1
readaptações,1
reafirmar,1
reagir,3
reagirmos,1
reais,2
real,1
realidade,4
realidades,1
realizada,4
realizado,2
realizar,3
realização,2
realmente,9
realçada,1
realçar,2
realço,1
receava,1
recebem,1
receber,1
receberam,1
receberem,1
recebi,4
recebidas,1
recebimento,1
receio,2
recente,2
recentemente,6
recentes,3
reciclagem,1
recolha,2
recolhe,1
recolheu,1
recolhidos,1
recomendará,1
recomendação,9
recomendações,11
recomende,1
recomeçaria,1
recompra,6
reconhecer,2
reconhecerse,1
reconheceu,1
reconhecidos,1
reconhecimento,2
reconheça,1
recordado,1
recordo,3
recordou,1
recorrendo,1
recorrer,1
recuperação,1
recursos,9
recusas,1
recusase,1
recémconstituído,1
recémcriado,1
red,1
rede,4
redefinir,1
redes,5
redigidas,1
redigir,1
reding,2
redutor,1
reduzido,2
reduzir,3
redução,1
reenviada,1
reenvio,1
refere,4
referendo,1
referente,4
referida,2
referido,4
referir,2
referirem,1
referirme,1
referiu,2
referência,2
referências,3
refirome,1
refiroo,1
reflectem,1
reflectir,1
reflexos,1
reflexão,1
reflexões,1
reforma,2
reforça,1
reforçando,1
reforçar,1
reforçaria,1
reforçarmos,1
reforço,4
regime,1
regimento,5
regimes,1
regionais,2
regional,4
registado,1
registados,2
registamos,1
registo,2
registos,2
região,4
regiões,8
regozijamonos,1
regozijome,4
regra,3
regras,2
regulamentada,1
regulamentado,2
regulamentadoras,1
regulamentados,3
regulamentação,3
regulamento,5
regular,1
regularmente,1
reina,1
reine,1
reino,2
reinseridas,1
reintroduzidas,1
reinício,1
rejeitados,2
relaciona,1
relacionada,1
relacionadas,1
relacionado,1
relacionados,2
relativa,15
relativamente,12
relativas,8
relativo,4
relativos,2
relator,13
relatora,23
relatores,2
relatório,55
relatórios,8
relação,18
relações,3
relevam,1
relevante,2
relevantes,1
religiosos,2
religiões,2
remember,1
remo,1
remodelação,1
rendimentos,1
renovação,1
renunciam,1
reordenar,1
reorganização,1
repensar,1
repercussões,1
repercute,1
repetidas,2
repetilas,1
repetição,1
reportandome,1
representa,4
representante,2
representantes,2
representar,3
representativa,1
representações,1
representoume,1
república,2
requer,1
requerem,2
reservados,1
reservar,1
residir,1
resistência,2
resolução,7
resoluções,1
resolvidas,1
resolvido,1
respectiva,1
respectivas,4
respeita,6
respeitadora,1
respeitar,2
respeito,21
responder,1
responderam,1
respondo,1
responsabilidade,17
responsabilidades,3
responsáveis,4
responsável,3
resposta,9
respostas,1
restabelecimento,1
restam,1
restantes,5
restauradores,1
restauro,6
resto,1
restringir,2
restrito,1
resultado,5
resultados,13
resultou,1
resíduos,1
reticências,1
retira,1
retirados,1
retirar,1
retomado,1
retomar,1
retomaria,1
retomou,1
reunir,1
reuniu,1
reunião,6
revelar,1
revelaram,1
reverte,1
reveste,1
revestem,1
revestir,1
revista,1
revistas,1
revisão,5
revogação,1
ribalta,1
rica,1
ricos,1
ridiculous,1
ridícula,1
ridículo,1
rigidez,1
rios,1
riqueza,2
risco,2
riscos,1
ritmo,1
rochedo,2
roma,1
romano,1
rubrica,1
ruptura,1
rurais,1
rural,2
russa,1
russas,1
russo,1
rádio,1
rápida,2
rápidas,2
rápido,1
rígido,1
rússia,3
s,1
sabe,7
sabem,7
sabemos,2
saber,6
saberem,1
saberes,1
sabido,1
sabor,1
saco,1
saibam,2
sairá,1
salas,2
salientar,3
salientarei,1
salvador,3
salvaguarda,1
salvaguardados,1
salvar,1
salvou,1
salvámos,1
sandersten,5
saneadas,1
saneamento,12
sanitária,1
satisfatoriamente,2
satisfatória,1
satisfaça,1
satisfeita,2
satisfeito,1
saudar,2
saudável,1
schinia,1
schiphol,2
se,179
secretista,1
secreto,1
sector,13
sectores,5
secundárias,1
secundário,16
seguese,5
seguida,4
seguidamente,1
seguido,1
seguimento,1
seguindo,1
seguindose,2
seguinte,4
seguintes,2
seguir,3
seguiria,1
seguiu,1
segunda,4
segundasfeiras,1
segundo,12
segurança,4
segurar,1
seguravam,1
seguro,1
seguros,6
sei,7
seio,5
seis,3
seja,27
sejam,11
sejamos,2
seleccionados,1
selectividade,1
selecção,6
sem,18
semana,7
semanas,1
semaninha,1
semelhante,2
semelhantes,3
semelhanças,1
sempre,11
sendo,6
senhor,77
senhora,84
senhoras,3
senhores,7
sense,1
sensibilidade,5
sensibiliza,1
sensibilização,2
sente,1
sentem,1
sentidas,1
sentido,20
sentimento,3
sentimos,1
sentir,1
separação,1
seppänen,1
sequer,1
sequestrado,2
sequestro,3
sequência,1
ser,68
serem,5
seria,8
seriamente,2
serve,1
servem,1
servir,1
serviço,2
serviços,5
será,11
serão,3
sessão,9
sessões,8
seu,31
seus,16
sexo,2
sextafeira,3
si,4
siderurgia,1
siderúrgico,1
sido,18
significa,5
significado,2
significam,1
significativamente,1
silvestre,1
silêncio,7
sim,10
simpatia,1
simpler,1
simples,8
simplesmente,1
simplicidade,1
simplifica,1
simplificadas,1
simplificado,1
simplificar,3
simplificação,17
simpósio,1
simultaneamente,4
sinceramente,2
sindicatos,1
sinergia,1
sinta,1
sinto­me,1
sinónimo,1
sirvam,1
sismo,1
sistema,15
sistemas,14
sistemática,1
site,1
situados,1
situar,1
situarse,1
situação,13
situações,1
sjöstedt,1
skinner,1
slim,23
soar,1
sob,5
sobe,1
soberania,1
sobre,86
sobrecarregada,2
sobrecarregar,1
sobrepõem,1
sobrerrepresentada,1
sobressair,1
sobretudo,16
sobreviver,3
socalcos,1
sociais,8
social,20
socialistas,2
socialmente,1
sociedade,23
socorro,1
socrates,1
sofre,1
sofreu,1
solicitamos,1
solicitar,1
solicitei,1
solicito,4
solicitou,2
solidariedade,4
solução,2
soluções,1
sombra,1
somente,1
somos,5
sondagem,2
sou,5
soubemos,1
speaker,82
sr,9
status,1
stock,1
sua,69
suanzescarpegna,4
suas,20
subjacente,1
subjacentes,1
sublinha,1
sublinhar,3
sublinho,1
sublinhou,2
submarina,1
submarino,1
submeter,2
submeto,1
submissa,1
subscrever,1
subscreveu,1
subsidiariedade,1
subsistam,1
substanciais,1
substancial,1
substantially,2
substituir,4
substituiria,1
substituição,3
substitutivas,1
substituídos,1
subsídios,1
subtil,1
sucedemse,1
sucesso,1
sucursais,2
sueca,2
suficiente,4
suficientemente,3
sugerido,1
sugeriulhe,1
sugestão,4
sugestões,5
sugiro,1
sujeito,1
sujeitos,1
superior,1
supervisiona,1
supervisionar,1
suportados,1
suportável,1
supremo,1
supressão,5
suprimidas,1
suprimir,2
supérflua,1
supérfluo,2
surge,2
surgido,1
surgiu,3
surpreendentemente,2
surpreender,1
surpreendido,1
susceptíveis,2
susceptível,1
suscitar,1
suscitou,1
suspeita,1
suspeito,2
suspenso,2
suspensos,1
suspensões,3
sustentável,1
sábado,1
são,43
século,3
séria,1
série,3
sério,2
sítio,1
sítios,6
só,27
tabelas,1
tabu,1
tais,1
tal,26
talentos,1
talvez,10
também,99
tantas,1
tanto,16
tantos,1
tape,1
tarde,3
tardias,1
tarefa,5
tarefas,3
teatro,1
tecido,1
tecnologia,1
tecnologias,4
tecnológica,1
tecnológicas,1
tecnológico,1
televisão,7
tem,23
tema,9
temas,1
temos,18
tempo,14
tempos,3
tencionamos,1
tendentes,1
tendo,14
tendome,1
tendo­se,1
tenha,9
tenham,2
tenhamos,5
tenho,3
tenra,1
tentamos,1
tentando,1
tentar,6
tentasse,1
tentativa,1
tentativas,1
tente,1
tentei,2
tentámos,1
teor,1
teoria,1
ter,37
terceira,3
terceiras,1
terceiro,4
terem,5
teremos,2
teria,3
terminar,1
termos,11
terra,1
terras,1
terreno,4
territorial,1
território,3
terrorismo,3
terrorista,1
terroristas,2
terrível,1
terse,2
terá,5
terão,5
terça,1
terçafeira,1
terço,2
tese,1
tesouros,1
testemunham,1
testemunho,1
testemunhos,1
teve,4
texto,8
textos,1
that,1
the,3
things,1
tida,1
tido,2
tinha,4
tinham,2
tipicamente,1
tipo,7
tipos,5
tirar,1
tire,1
tirámos,1
titov,1
tive,1
tivemos,2
tiver,3
tiveram,3
tivesse,3
tivessem,1
toda,18
todas,28
todavia,4
todo,23
todos,54
toetsing,1
tolerante,1
tolerância,1
tomada,2
tomadas,4
tomado,2
tomando,1
tomar,4
tomassem,1
tomem,1
tomo,3
toquem,1
torna,6
tornado,1
tornar,6
tornarmos,1
tornarse,3
tornase,1
torne,2
tornem,1
torno,1
tornouse,1
tortura,3
total,4
totalidade,8
totalmente,5
trabalha,1
trabalhadores,4
trabalhar,6
trabalho,42
trabalhos,7
trabalhou,1
tradicional,2
tradição,2
tradições,1
traficante,1
tragicamente,1
tramitação,1
transacções,2
transações,1
transferese,1
transferidas,1
transformado,2
transformam,1
transformar,4
transformaram,1
transformariam,1
transformar­se,1
transformação,1
transformações,1
transfronteiriços,1
transição,1
transmissão,4
transmita,3
transmite,1
transmitir,6
transmitiume,1
transparente,1
transparentes,2
transparência,1
transposição,3
transposta,2
transposto,1
trata,14
tratadas,1
tratado,4
tratados,1
tratamento,6
tratar,3
trataria,1
tratarmos,1
tratarse,2
tratase,12
tratem,1
tratou,1
tratálos,1
travar,1
trazer,2
traçar,1
traçou,1
treinos,1
tremor,1
tribunais,1
tribunal,1
trinta,1
triplo,1
tristeza,1
troca,1
trocar,1
trocarmos,1
tráfico,2
trágicos,1
trás,1
tréguas,1
três,7
tsiakourmas,7
tsimaylo,1
tudo,10
tunísia,1
turca,1
turcas,1
turco,1
turismo,1
turquia,5
tão,18
técnica,2
técnicas,3
técnico,1
têm,12
têm­se,1
título,1
tónica,2
ue,6
ultrapassa,5
ultrapassado,1
ultrapassar,2
ultrapasse,1
um,222
uma,232
umas,2
unanimidade,1
unesco,11
unidade,4
unido,2
unilateralmente,1
unirmos,1
unitária,1
universal,3
universalidade,4
universitário,1
universitários,2
união,68
uns,4
unânimes,1
unívoca,1
urbanas,1
urbanização,1
urbano,1
urgente,4
urgentes,3
urgência,5
urânio,2
us,1
uso,5
usos,1
utentes,3
utiliza,1
utilizada,1
utilizado,1
utilizadores,1
utilizados,2
utilizam,1
utilizar,1
utilizarmos,1
utilização,2
vaga,1
vai,3
valerá,1
valiosa,1
valor,5
valores,4
valorizada,1
valorizar,1
valorização,2
vamos,7
varela,3
varia,1
variedade,1
vastas,1
vasto,1
veio,1
vejo,3
velar,1
velocidade,1
velocidades,1
velzen,1
vemonos,1
veneza,1
venha,1
ver,10
verbas,3
verdade,4
verdadeiras,1
verde,1
verificadas,1
verificamos,1
verificar,3
verificarmos,1
verificase,1
verifica­se,1
verifico,1
vernáculas,1
versão,2
vertiginosa,1
verão,1
veríamos,1
vestígios,1
vetusto,1
veyrac,6
vez,39
vezes,18
veículos,1
via,3
viabilidade,1
viagem,2
vias,1
vicepresidente,1
vice­presidente,1
vida,12
vidas,1
vier,1
vigilância,1
vigor,4
villiers,5
vinci,1
vinculativo,1
vindas,1
violando,1
violenta,1
violência,1
vir,1
visa,5
visam,1
visase,1
visita,1
vista,13
visto,2
vistos,1
visão,4
visíveis,1
visível,2
vital,2
vivem,1
viver,1
viveu,1
vivo,1
vizinhança,1
volendam,1
voltando,1
voltar,2
voltarei,1
voltasse,1
volte,1
voltei,1
volto,1
voltou,1
voluntariado,1
voluntária,1
vontade,4
voo,2
voos,1
vossa,3
vossos,1
votadas,1
votados,1
votará,2
votaríamos,1
votação,10
votações,3
votos,1
votou,1
vou,4
voz,2
vá,1
válida,1
várias,2
vários,1
vão,2
vêm,1
vítima,1
vítimas,5
vós,5
waddenzee,1
watson,1
we,2
website,1
which,1
with,2
wurtz,2
wwwmpt2001couk,1
xx,1
xxi,2
zelar,1
zero,1
zona,3
zonas,1
À,1
África,1
Áustria,1
É,37
Énos,1
ÍÁÔura,1
à,113
àqueles,2
àquilo,1
às,52
água,2
área,6
áreas,3
âmbito,8
é,185
época,2
ênfase,2
êxito,4
índice,3
óbvia,1
óbvias,1
óbvio,4
última,3
últimas,3
último,7
últimos,5
única,2
único,1
únicos,1
úteis,1
útil,2
